{
  "query": "car loan requirements",
  "retrievers": {
    "chroma": {
      "doc_ids": [
        7421,
        7422,
        7426,
        7457,
        7453,
        7456,
        7452,
        7439,
        7458,
        7459,
        7447,
        12220,
        7460,
        7425,
        7427,
        7441,
        7438,
        7428,
        12221,
        12391
      ],
      "scores": [
        0.4049256443977356,
        0.26800060272216797,
        0.2674853205680847,
        0.24247229099273682,
        0.23570215702056885,
        0.22050219774246216,
        0.20541298389434814,
        0.20154064893722534,
        0.20064908266067505,
        0.19998425245285034,
        0.19797521829605103,
        0.19548094272613525,
        0.19507449865341187,
        0.19094139337539673,
        0.1843166947364807,
        0.1731330156326294,
        0.17088979482650757,
        0.16351091861724854,
        0.16252940893173218,
        0.15731531381607056
      ]
    },
    "bm25": {
      "doc_ids": [
        14023,
        7426,
        3222,
        6142,
        7425,
        4809,
        13109,
        15527,
        15661,
        15660,
        3795,
        2667,
        3796,
        2668,
        4808,
        13152,
        14905,
        13031,
        13141,
        8342
      ],
      "scores": [
        10.330099480490071,
        10.047713135577924,
        9.330402785559219,
        8.986105514558803,
        8.580939089250629,
        8.530118362426252,
        8.477977934018062,
        8.464178391861882,
        8.226553507088704,
        7.853887446250256,
        7.76788743225498,
        7.587513778529312,
        7.527766116147763,
        7.5053972786572505,
        7.354167491682993,
        7.346383582183048,
        7.346383582183048,
        7.276998459899815,
        7.269376965515459,
        7.205753618432913
      ]
    },
    "dirichlet": {
      "doc_ids": [
        14023,
        7425,
        15527,
        15526,
        4809,
        13109,
        15661,
        15660,
        4808,
        13031,
        14024,
        7426,
        13030,
        7421,
        7422,
        2667,
        2668,
        13152,
        14905,
        13141
      ],
      "scores": [
        -21.48327125983908,
        -21.845985245550015,
        -21.965581795422615,
        -22.031424132920172,
        -22.29681715241361,
        -22.298286660157906,
        -22.305623420967944,
        -22.31732504477508,
        -22.33479234302938,
        -22.337693697220704,
        -22.356484411508816,
        -22.368201749655615,
        -22.402243163274626,
        -22.486259209278302,
        -22.536657034723405,
        -22.882028777260242,
        -22.883512823790625,
        -22.886478716271448,
        -22.886478716271448,
        -22.887960563671296
      ]
    }
  },
  "rrf_fusion": {
    "doc_ids": [
      5,
      4,
      2668,
      0,
      1,
      1609,
      4809,
      3113,
      695,
      3247,
      3246,
      4808,
      2667,
      3112,
      617,
      30,
      738,
      26,
      2491,
      29
    ],
    "scores": [
      0.016602427548106185,
      0.01551693618881119,
      0.013233442164179106,
      0.010753676470588237,
      0.01055769230769231,
      0.009705882352941177,
      0.008897727272727272,
      0.00882726089785296,
      0.0087406015037594,
      0.008496877787689563,
      0.008353448275862069,
      0.007897001303780966,
      0.00780791788856305,
      0.007769953051643193,
      0.00763235294117647,
      0.007500000000000001,
      0.007419786096256685,
      0.007363636363636364,
      0.007310188189487346,
      0.007232142857142858
    ],
    "sources": [
      "carloanrequirements_1.txt",
      "carloanrequirements_1.txt",
      "5266Financial Management(VERY GOOD)_458.txt",
      "carloanrequirements_1.txt",
      "carloanrequirements_1.txt",
      "Tax Palnning & Compliance Manual_472.txt",
      "5266Financial Management(VERY GOOD)_458.txt",
      "Tax Palnning & Compliance Manual_472.txt",
      "Tax Palnning & Compliance Manual_472.txt",
      "Tax Palnning & Compliance Manual_472.txt",
      "Tax Palnning & Compliance Manual_472.txt",
      "5266Financial Management(VERY GOOD)_458.txt",
      "5266Financial Management(VERY GOOD)_458.txt",
      "Tax Palnning & Compliance Manual_472.txt",
      "Tax Palnning & Compliance Manual_472.txt",
      "carloan_bn_7.txt",
      "Tax Palnning & Compliance Manual_472.txt",
      "carloan_bn_7.txt",
      "Tax Palnning & Compliance Manual_472.txt",
      "carloan_bn_7.txt"
    ]
  },
  "metadata": {
    "timestamp": "2025-09-05 18:42:02",
    "rrf_k": 50,
    "rrf_weights": {
      "chroma": 0.405,
      "bm25": 0.315,
      "multilingual_e5": 0.1,
      "dirichlet": 0.18000000000000002
    }
  }
}